abbreviation	abbreviate	45.4	1
abdication	abdicate	10.11	0
abduction	abduct	10.5	6
ablation	ablate	10.1	0
abolition	abolish	10.1	4
abrasion	abrade	45.4	1
abstention	abstain	69	0
abstraction	abstract	10.1	1
acceleration	accelerate	45.4	8
acceptance	accept	77.1 13.5.2 29.2-1-1	11
accommodation	accommodate	26.9	11
accompaniment	accompany	51.7	4
accumulation	accumulate	13.5.2 47.5.2	15
accusation	accuse	81	20
achievement	achieve	55.2	48
aching	ache	40.8.2	1
acknowledgment	acknowledge	37.10 29.9-1	1
acquisition	acquire	13.5.2-1	10
activating	activate	45.4	3
activation	activate	45.4	3
adaptation	adapt	26.9	7
adaption	adapt	26.9	7
addiction	addict	96	18
addition	add	22.1-2 108	164
adhesion	adhere	22.5	0
adjustment	adjust	26.9	40
administration	administer	13.2-1-1	61
admiration	admire	31.2	1
admonition	admonish	37.9-1 58.1	0
adoption	adopt	29.1 93 29.2	19
advance	advance	102 45.4	55
advertisement	advertise	35.2	24
advertising	advertise	35.2	24
advice	advise	37.9-1 37.2 37.7-1 58.1	3
affiliation	affiliate	22.2-2	12
affirmation	affirm	78-1-1 31.2 29.5-2	6
affliction	afflict	31.1	0
agglomeration	agglomerate	45.4	0
aggravation	aggravate	31.1	1
aggregation	aggregate	47.5.2	2
aging	age	45.4	4
agitation	agitate	31.1	5
aim	aim	intend-61.2 wish-62	43
airing	air	45.4	0
alert	alert	37.9	7
alienation	alienate	31.1	4
allegation	allege	37.7	31
alliance	ally	71	0
allocation	allocate	13.3	20
allotment	allot	13.3	7
allowance	allow	64.1-1 64.3	6
alteration	alter	26.6.1 45.4	7
alternation	alternate	22.2-2-1 86.1	4
amalgamation	amalgamate	22.2-1-1 22.1-1-1	4
ambulation	ambulate	51.3.2	0
amplification	amplify	45.4 37.12	1
amusement	amuse	31.1	2
analysis	analyze	34.1	75
analyze	analyze	34.1	75
animation	animate	45.4	0
annexation	annex	10.5	1
annihilation	annihilate	44 42.1	3
annnunciation	announce	48.1.2 37.7-1	38
annotation	annotate	25.1	0
announcement	announce	48.1.2 37.7-1	38
announcing	announce	48.1.2 37.7-1	38
appeal	appeal	31.4-3	3
appointment	appoint	29.1	41
appraisal	appraise	54.4	15
appreciation	appreciate	31.2	39
approach	approach	98	99
appropriating	appropriate	13.5.2	30
appropriation	appropriate	13.5.2	30
approximation	approximate	34.2 54.4	1
arrangement	arrange	26.1 55.5-1 9.1	19
arrival	arrive	51.1	38
articulation	articulate	37.7-1	0
ascending	ascend	47.7	0
ascension	ascend	47.7	0
ascent	ascend	47.7	0
asphyxiation	asphyxiate	40.7 42.2	1
assassination	assassinate	42.1	32
assembly	assemble	26.1	5
assertion	assert	29.5	5
assessment	assess	34.1 54.4 34.2	56
assignment	assign	13.3	16
assimilation	assimilate	26.9 14-2-1	0
association	associate	amalgamate-22.2-2	15
assurance	assure	37.13 99 37.9	10
attainment	attain	13.5.1	1
attenuation	attenuate	45.4	0
audit	audit	34.1	35
augmentation	augment	45.4	0
average	average	108-3	3
averaging	average	108-3	3
awakening	wake	45.4	0
award	award	13.3	74
baking	bake	45.3 26.3-1 26.1	1
banding	band	22.3-2 22.4	0
banking	bank	9.10	3
bashing	bash	18.1 18.4-1	1
bath	bathe	41.1.1 9.8	4
bathing	bathe	41.1.1 9.8	4
battering	batter	18.1-1	1
batting	bat	40.3.2	0
battle	battle	36.3-2 36.4-1	88
beating	beat	18.1-1	12
bedding	bed	9.10	5
bedwetting	bedwet	45.4	0
beginning	begin	55.1-1	119
beheading	behead	42.2	0
belching	belch	40.1.1	0
bend	bend	50 45.2 47.6 26.5 47.7	1
bending	bend	50 45.2 47.6 26.5 47.7	1
bequest	bequeath	13.3	0
bet	bet	94 54.5 70	19
betting	bet	94 54.5 70	19
bias	bias	96	0
bickering	bicker	36.4-1	7
bifurcation	bifurcate	45.4	0
biking	bike	51.4.1-1 11.5	4
billing	bill	54.5	13
binding	bind	9.8 22.3-2-1	0
bite	bite	18.2 40.8.3-2	9
biting	bite	18.2 40.8.3-2	9
blanking	blanking	10.4.1	0
blaze	blaze	43.1	5
bleeding	bleed	40.1.2 43.4-1	6
blistering	blister	45.5	0
blitz	blitz	44	0
block	block	16 9.8	8
blockade	blockade	9.8	15
blockage	block	16 9.8	8
blocking	block	16 9.8	8
bloom	bloom	45.5 47.2	2
blooming	bloom	45.5 47.2	2
blossoming	blossom	47.2	1
blowing_up	blow_up	23.2	0
blunting	blunt	45.4	0
blurring	blur	45.4	0
boarding	board	46	1
boast	boast	37.8	2
boating	boat	51.4.1	0
boil	boil	26.3-2 45.3	2
bombardment	bombard	9.8	0
bond	bond	shake-22.3-2-1 tape-22.4	13
bonding	bond	shake-22.3-2-1 tape-22.4	13
boost	boost	102	11
borrowing	borrow	13.5.2	25
botching	botch	45.4	0
bounce	bounce	51.3.2-2 51.3.1 11.2-1	8
bow	bow	40.3.3	1
bowling	bowl	51.3.2-2	6
boxing	box	36.3-2	1
boycott	boycott	52	4
brawl	brawl	36.4-1	0
brawling	brawl	36.4-1	0
break_up	break_up	45.1	0
breakdown	break_down	45.1	0
breaking_off	break_off	23.2	0
breakup	break_up	45.1	0
breastfeeding	breastfeed	39.7	2
breath	breathe	40.1.2-1	21
breathing	breathe	40.1.2-1	21
briefing	brief	37.9	2
broadening	broaden	45.4	1
bruising	bruise	40.8.3-2 21.2-1	0
brushing	brush	41.2.1 10.4.2-1 41.2.2	0
budding	bud	45.5	0
build	build	26.1-1	16
building	build	26.1-1	16
bulging	bulge	47.5.3 47.2	0
bullying	bully	29.8-1	0
burden	burden	13.4.2-1-1	58
burial	bury	9.1-1	10
burn	burn	45.4 40.8.3-2 45.5 43.1	17
burning	burn	45.4 40.8.3-2 45.5 43.1	17
burping	burp	40.1.1	0
buying	buy	13.5.1	5
buyout	buy_out	13.5.1	0
calcification	calcify	45.4	2
calcifying	calcify	45.4	2
call	call	13.5.1	174
calling	call	13.5.1	174
camping	camp	46	0
cancerization	cancerize	45.4	0
canning	can	10.10	0
cap	cap	9.9	25
capture	capture	10.5-1	12
care	care	31.3	142
caring	care	31.3	142
cascading	cascade	47.7	0
casting	cast	26.1	4
castration	castrate	45.4	0
castration	castrate	45.4	0
castration	castrate	45.4	0
catalog	catalogue	29.10	0
catalogue	catalogue	29.10	0
catch	catch	13.5.1	5
catching	catch	13.5.1	5
categorization	categorize	29.10 45.4	2
causation	cause	27.1-1, 27.2	0
caution	caution	37.9-1	7
certification	certify	29.2	7
cessation	cease	55.4-1	10
change	change	45.4 26.6.1-1	184
changing	change	45.4 26.6.1-1	184
characterization	characterize	29.2-1	1
chase	chase	51.6	11
chasing	chase	51.6	11
chat	chat	37.6	24
chatting	chat	37.6	24
check	check	35.2	24
check_up	check_up	35.2	0
checking	check	35.2	24
chewing	chew	39.2-1	0
chlorination	chlorinate	45.4	2
choice	choose	13.5.1	134
choking	choke	40.7	0
choosing	choose	13.5.1	134
chop	chop	21.2-2 21.1-1 18.2	1
circularisation	circularize	13.2-1-1	4
circumcision	circumcise	45.4	2
civilization	civilize	45.4	1
claim	claim	37.7-1	29
clapping	clap	43.2	1
clarification	clarify	45.4	0
clash	clash	36.4-1	78
classification	classify	29.2 29.10	7
cleaning	clean	10.3 45.4 26.3-2	15
cleaning	clean_up	26.3-2 45.4 10.3	0
cleavage	cleave	21.2-1	2
clenching	clench	40.3.2	0
click	click	18.1 43.2 40.3.2	2
climb	climb	51.3.2, 51.1-1-3	4
climbing	climb	51.3.2, 51.1-1-3	4
clip	clip	21.1-1 41.2.2	1
clogging	clog	9.8 45.4	1
close	close	45.4 40.3.2	41
closing	close	45.4 40.3.2	41
clothing	clothe	41.1.1	1
clouding	cloud	45.4	0
clubbing	club	18.3	0
clubbing	clubbing	47.3 26.7	0
clunking	clunk	43.2	0
co-existence	coexist	47.1-1	0
coagulation	coagulate	45.4	0
coating	coat	9.8	9
coblation	ablate	10.1	0
coding	code	29.10	2
coding	code	29.10	2
coexistence	coexist	47.1-1	0
collaborating	collaborate	71	1
collaboration	collaborate	71	1
collapse	collapse	45.4	25
collecting	collect	13.5.2 47.5.2 22.3-2 45.4 26.5	43
collection	collect	13.5.2 47.5.2 22.3-2 45.4 26.5	43
collision	collide	18.4-1 18.4	22
collusion	collude	71	0
coloration	color	24	2
coloring	color	24	2
combat	combat	36.4-1	13
combination	combine	22.1-1-1	17
combustion	combust	45.4	3
coming	come	51.1	9
comment	comment	37.11-1-1	113
commentary	comment	37.11-1-1	113
commercialization	commercialize	45.4	3
commitment	commit	79 92-1	23
communicating	communicate	37.1.1 36.4-1	70
communication	communicate	37.1.1 36.4-1	70
comparison	compare	22.2-2	33
compensation	compensate	13.4.2-1-1	45
competition	compete	36.4-1	92
compilation	compile	26.1	5
complaining	complain	37.8	30
complaint	complain	37.8	30
completion	complete	55.2	31
composition	compose	26.4	8
comprehension	comprehend	87.2-1	7
compression	compress	26.5	4
computation	compute	26.4	0
concern	concern	31.1	449
concession	concede	13.3	4
conclusion	conclude	97.2	14
condemnation	condemn	81	1
condensation	condense	45.4	0
conditioning	condition	41.2.2	12
confederation	confederate	22.2-2	12
conference	confer	37.6	258
confession	confess	37.10 37.7-1	19
confirmation	confirm	78-1-1 29.5-2	26
confiscation	confiscate	10.5	6
conflict	conflict	36.4-1	151
confrontation	confront	98	59
confusion	confuse	amalgamate-22.2-2 amuse-31.1	43
conglomeration	combine	22.1-1-1	17
congregation	congregate	47.5.2	7
conization	conization	10.1	0
connecting	connect	22.1-2-1 22.4	87
connection	connect	22.1-2-1 22.4	87
conquering	conquer	42.3	0
conquest	conquer	42.3	0
conservation	conserve	13.5.1	12
consideration	consider	29.9-1-1-1	17
consolation	console	31.1	4
consolidation	consolidate	22.2-1-1 22.1-1 22.2-2-1	15
conspiracy	conspire	71	0
constitution	constitute	55.5	0
construction	construct	26.4 45.4	302
consult	consult	36.3-1 37.1.2 36.4	27
consultation	consult	36.3-1 37.1.2 36.4	27
consulting	consult	36.3-1 37.1.2 36.4	27
consuming	consume	66	40
consumption	consume	66	40
containment	contain	54.3 47.8	6
contamination	contaminate	9.8	7
content	content	31.1	2
contention	contend	36.4	0
continuation	continue	55.3 55.6	15
contracting	contract	45.4	13
contraction	contract	45.4	13
contrast	contrast	22.2-2-1	70
contribution	contribute	13.2-1-1	73
convening	convene	47.5.2	33
convention	convene	47.5.2	33
convergence	converge	87.1 47.7	3
conversation	converse	37.6	46
conversion	convert	26.6.1-1 26.6.2-1	11
conveyancing	conveyancing	11.1	2
convulsion	convulse	40.6	1
cooking	cook	45.3 26.3-1 26.1	3
cooling	cool	45.4	3
coping	cope	83-1	0
copy	copy	25.4 25.2	54
copying	copy	25.4 25.2	54
correction	correct	45.4	16
correlation	correlate	22.2-2-1 86.1	12
corrosion	corrode	45.4 45.5	1
corruption	corrupt	45.4	105
cost	cost	54.2	9
cough	cough	40.1.2-1	37
coughing	cough	40.1.2-1	37
counseling	counsel	37.9-1	26
count	count	108 34.2	18
counting	count	108 34.2	18
coupling	couple	22.2-1	0
coverage	coverage	9.8 47.8	0
crabbing	crab	13.7	1
crash	crash	18.4-1 45.1 43.2	29
craving	crave	32.1 32.2-1	3
creation	create	26.4, 27.1	35
credit	credit	13.4.1-1	38
crepitation	crepitate	43.2	0
crossing	cross	51.1-1-3, 47.7	8
crossing_out	cross_out	40.3.2	0
crusting	crust	45.5	0
cry	cry	37.3	6
crying	cry	37.3	6
crying_out	cry_out	37.3	0
cuddling	cuddle	36.2	0
cultivation	cultivate	26.3-1	13
curb	curb	42.3	7
cycling	cycle	51.4.1-1	4
damage	damage	44	273
dampening	dampen	42.3	0
dampening	dampen	45.4	0
dance	dance	51.5	31
dancing	dance	51.5	31
darkening	darken	45.4	0
dating	date	36.2	9
dazzling	dazzle	31.1	0
deal	deal	83	209
dealing	deal	83	209
death	die	48.2	576
debate	debate	36.3-2 37.6	84
debriefing	debrief	37.9	0
deceleration	decelerate	45.4	0
decision	decide	13.5.1	282
declaration	declare	48.1.2 37.7-1	51
decomposition	decompose	45.5	0
decompression	decompress	45.4	0
deconditioning	decondition	41.2.2	0
decoration	decorate	25.3 9.8	8
decrease	decrease	45.4	13
dedication	dedicate	79	14
deduction	deduct	10.1 108-2	2
deepening	deepen	45.4	0
defecation	defecate	40.1.2-1	1
defence	defend	85	21
defense	defend	85	21
definition	define	29.2-1-1 48.1.2	59
deflation	deflate	45.4	0
deforestation	deforest	10.8	0
deformation	deform	26.6.1	1
degeneration	degenerate	45.4	4
degradation	degrade	45.4	9
dehydration	dehydrate	45.4	1
delay	delay	53.1-1	24
deleting	delete	10.1	3
deletion	delete	10.1	3
deliberation	deliberate	36.3-1	0
delivery	deliver	11.1	52
demand	demand	103	70
demolition	demolish	44 31.1	11
demonstration	demonstrate	78-1-1 37.1.1	71
demoralization	demoralize	31.1	1
dent	dent	21.2-1	3
departure	depart	51.1-1 10.11	23
dependency	depend	70	0
depiction	depict	29.2	4
deportation	deport	10.2	3
deposit	deposit	9.1-1	15
deposition	deposit	9.1-1	15
depression	depress	31.1	45
derivation	derive	26.4 97.2	0
desalination	desalinate	45.4	0
desalinization	desalinate	45.4	0
desaturation	desaturate.	45.4	0
descending	descend	47.7	0
description	describe	29.2-1-1	28
desecration	desecrate	44	5
design	design	26.4-1	50
designation	designate	29.1	5
desire	desire	32.1	5
destabilization	destabilize	45.4	4
destruction	destroy	44	93
detachment	detach	23.3	1
detection	detect	30.1-1	3
deterioration	deteriorate	45.5 45.4	22
determination	determine	84 29.5-1	15
devaluation	devalue	45.4	4
devastation	devastate	44 31.1	14
development	develop	26.1	204
deviation	deviate	23.4	13
devolution	devolve	13.3	0
devotion	devote	79	27
deworming	deworm	10.8	1
diagnosis	diagnose	29.2	9
dictating	dictate	37.1.1-1	2
dictation	dictate	37.1.1-1	2
die	die	48.2	576
differentiation	differentiate	23.1-1	1
diffraction	diffract	45.4	0
diffusion	diffuse	45.4	2
dig	dig	35.1	2
digging	dig	35.1	2
diminution	diminish	45.4	0
dining	dine	39.5	1
directing	direct	26.7-1	69
direction	direct	26.7-1	69
disagreement	disagree	36.4-1	0
disappointment	disappoint	31.1	23
disarmament	disarm	31.1	1
disarming	disarm	31.1	1
disclosure	disclose	78-1-1 37.7	6
discontinuation	discontinue	55.2	1
discovery	discover	84 30.2 29.5-2	23
disgust	disgust	31.1	6
dishonor	dishonor	31.1	0
dishonour	dishonor	31.1	0
disintegration	disintegrate	45.4	11
dislocation	dislocate	45.4	5
disorganization	disorganize	45.4	0
display	display	48.1.2	14
dispute	dispute	36.4-1	60
dissatisfaction	dissatisfy	31.1	0
dissemination	disseminate	13.2-1	3
dissipation	dissipate	45.4	1
dissociation	dissociate	23.1-2	0
dissolution	dissolve	45.4	7
distension	distend	45.2	2
distention	distend	45.2	2
distortion	distort	26.5	4
distraction	distract	31.1	12
distribution	distribute	13.2-1	30
disturbance	disturb	31.1	11
divergence	diverge	23.4	6
diversification	diversify	45.4	10
diversion	divert	31.1	12
dividing	divide	23.1-1 45.4	43
division	divide	23.1-1 45.4	43
divorce	divorce	36.2	19
dock	dock	9.10-1	9
docking	dock	9.10-1	9
dockings	dock	9.10-1	9
documentation	document	25.4	19
dogsledding	dogsled	51.4.1	0
dominance	dominate	47.8-2	18
domination	dominate	47.8-2	18
dominion	dominate	47.8-2	18
donation	donate	13.2-1-1	16
doubling	double	45.4	6
doubt	doubt	29.5-1	42
douching	douche	41.2.1 41.1.1	0
drafting	draft	26.4	0
drag	drag	11.4 35.2	6
draining	drain	10.3-1 45.4	2
draw	draw	10.1 11.4 23.2	10
draw_down	draw	10.1 11.4 23.2	10
drawing	draw	10.1 11.4 23.2	10
dream	dream	62	49
dreaming	dream	62	49
dredging	dredge	35.2	0
dressing	dress	41.1.1	0
dribbling	dribble	40.1.2	1
drilling	drill	21.2-2	11
drink	drink	39.1-2	43
drinking	drink	39.1-2	43
drive	drive	11.5	35
drive_around	drive	11.5	35
driving	drive	11.5	35
drooling	drool	40.1.2 43.4	0
drooping	droop	47.6	0
drop	drop	9.4 45.6-1 51.3.1 47.7	55
dropping	drop	9.4 45.6-1 51.3.1 47.7	55
dueling	duel	36.4-1	1
dumping	dump	9.3-1-1	0
duplication	duplicate	25.4	1
dusting	dust	9.7-2	4
dying	die	48.2	576
eating	eat	39.1-1	16
echo	echo	47.4	2
edification	edify	45.7	0
educating	educate	37.9	183
education	educate	37.9	183
ejection	eject	10.1	0
elaboration	elaborate	37.11-1-1	1
election	elect	29.1	153
electrocoagulation	coagulate	45.4	0
electrodesiccation	desiccate	45.4	0
elevation	elevate	9.4	0
elimination	eliminate	10.1	10
emancipation	emancipate	10.5	4
employment	employ	13.5.3	33
emptying	empty	10.3-1 45.4	0
encouragement	encourage	37.9 58.1-1-1	33
end	end	55.4-1	412
ending	end	55.4-1	412
endowment	endow	9.8	8
engagement	engage	13.5.3 22.2-3-2 31.1	5
eradication	eradicate	10.1	2
erection	erect	26.1	0
erosion	erode	45.5	6
escape	escape	51.1-1	5
establishment	establish	55.5-1 78-1-1 97.1	37
estimate	estimate	54.4	19
estimation	estimate	54.4	19
evacuation	evacuate	10.2	6
evaluation	evaluate	34.1	33
evaporation	evaporate	45.4	4
evasion	evade	52	10
evening_out	even_out	45.4	0
evolution	evolve	26.2.1	35
exaction	exact	13.5.2	0
exam	examination	35.4	0
examination	examination	35.4	0
excavation	excavate	35.2	1
excision	excise	10.1	0
excitement	excite	31.1	3
excommunication	excommunicate	10.1	1
execution	execute	42.1	16
exenteration	exenterate	10.8 42.2	0
exercise	exercise	41.1.1	38
exhaustion	exhaust	31.1	0
exhibition	exhibit	48.1.2	27
exile	exile	36.4	14
existing	exist	39.6 47.1-1	0
exit	exit	51.1-1	3
expansion	expand	45.4	38
expectation	expect	62 29.5-1	109
experience	experience	30.2	228
expiration	expire	48.2	11
explanation	explain	37.1.1 78-1	86
explosion	explode	45.4 43.2	61
exposure	expose	48.1.2 78	27
expression	express	48.1.2	30
expulsion	expel	10.2 10.1	7
extension	extend	47.1-1	7
extermination	exterminate	44	0
extortion	extort	10.5	7
extracting	extract	10.1	4
extraction	extract	10.1	4
extradition	extradite	10.2	0
extrapolating	extrapolate	108-2	0
extrapolation	extrapolate	108-2	0
extrusion	extrude	10.1	0
fabrication	fabricate	26.4	11
failing	fail	neglect-75.1-1 succeed-74-3-1-1	0
failure	fail	neglect-75.1-1 succeed-74-3-1-1	0
fainting	faint	40.8.4	2
fall	fall	51.1	22
falling	fall	51.1	22
fancy	fancy	31.2 32.1	5
farting	fart	40.1.1	1
fascination	fascinate	31.1	0
favor	favor	31.2	82
favour	favor	31.2	82
fear	fear	31.3, 31.2-1	100
federation	federate	45.4	0
feeding	feed	39.7 39.6	5
feeling	feel	30.1-1-1, 30.3	80
fermentation	ferment	45.5	1
feud	feud	36.4-1	10
feuding	feud	36.4-1	10
fibrillation	fibrillate	45.4	1
fight	fight	36.4-1 36.3-2	74
fighting	fight	36.4-1 36.3-2	74
file	file	9.10	16
filing	file	9.10	16
filling	fill	9.8 45.4 47.8	7
filming	film	25.4	3
filtration	filter	10.4.2	1
find	find	84 13.5.1	16
finding	find	84 13.5.1	16
fine	fine	54.5	21
fire	fire	17.1-1	43
fishing	fish	35.1 13.7	20
fissuring	fissure.	45.1	0
fit	fit	54.3 9.3-1 26.9	4
fitting	fit	54.3 9.3-1 26.9	4
fix	fix	54.4 22.3-2	8
fixation	fixate	87.1 22.3-2-1	4
flaking	flake	21.2-1	0
flash	flash	43.1 40.3.2	5
flashing	flash	43.1 40.3.2	5
flattening	flatten	21.2-1 45.4	0
fleeing	flee	51.1-1	0
flexion	flex	40.3.2	0
flickering	flicker	43.1	0
flight	flee	51.1-1	0
flight	fly	51.3.2-2-1 11.5-1 51.4.2	161
flipping	flip	17.1-1	2
flood	flood	45.4 9.8	26
flooding	flood	45.4 9.8	26
flossing	floss	41.2.1	0
flow	flow	47.2	32
flushing	flush	10.4.1	0
flushing	flush	40.1.1	0
fluttering	flutter	40.3.2 47.3	0
flying	fly	51.3.2-2-1 11.5-1 51.4.2	161
foaming	foam	47.2 43.4	0
formation	form	26.4 48.1.2	32
formatting	format	55.5-1	0
forming	form	26.4 48.1.2	32
formulation	formulate	26.1 26.4	7
forwarding	forward	11.1-1	1
foundation	found	55.5-1 97.1	15
founding	found	55.5-1 97.1	15
freeze	freeze	45.4 57	8
freezing	freeze	45.4 57	8
fright	frighten	31.1	0
frost	frost	45.4	1
frustration	frustrate	31.1	26
function	function	29.6	15
functioning	function	29.6	15
fusion	fuse	22.1-1-1 22.3-1-1	22
gain	gain	13.5.1-1	11
gamble	gamble	94 70	19
gambling	gamble	94 70	19
gauge	gauge	54.4 34.2	8
germination	germinate	45.5	0
gesture	gesture	40.3.1	11
giving	give	13.1-1	0
glare	glare	40.2 30.3	7
glimpse	glimpse	30.2	1
gossiping	gossip	37.6	0
gouging	gouge	21.2-1	1
grabbing	grab	15.1, 13.5.2, 10.5-1	1
grading	grade	29.10	0
grading	grade	45.4	0
grafting	graft	22.3-2-1	0
grant	grant	29.5-2 13.3	48
granting	grant	29.5-2 13.3	48
granulation	granulate	45.4	0
grasp	grasp	87.2-1 20-1	4
grievance	complain	37.8	30
grinding	grind	40.3.2 26.1 21.2-1	0
grip	grip	20-1	0
groan	groan	40.2 37.3	0
groaning	groan	40.2 37.3	0
grooming	groom	41.1.2	1
grooving	groove	9.9	0
grouping	group	29.10 22.3-2 47.5.2	2
growing	grow	26.2.1 26.1	2
grumble	grumble	37.8 37.3	3
guarantee	guarantee	99 37.13 29.5-2 13.3	34
guarding	guard	29.8-1	0
guess	guess	29.5-1	17
guidance	guide	51.7	20
gushing	gush	43.4	0
gutting	gut	10.7	1
hacking	hack	21.1-1 26.1	0
hacking	hack	23.2	0
hacking_away	hack_away	23.2 26.1 21.1-1	0
halt	halt	55.4 45.4	2
hammering	hammer	18.1-1 18.4-1	0
hand-delivery	handdeliver	11.1	0
handdelivery	handdeliver	11.1	0
handle	handle	15.1 98	14
handling	handle	15.1 98	14
handwritting	handwrite	25.2 37.11-1 37.7 37.1.1-1-1	1
hankering	hanker	32.2-1	2
happening	happen	48.3	1
happiness	happy	31.1	0
harassment	harass	31.1	8
hardening	harden	45.4	0
harm	harm	31.1	44
harming	harm	31.1	44
hating	hate	31.2-1	0
hatred	hate	31.2-1	0
hauling	haul	11.4	1
healing	heal	45.4	19
heating	heat	45.4 45.3	7
heightening	heighten	45.4	0
hemorrhaging	hemorrhage	40.1.3	1
herding	herd	47.5.2	1
hesitation	hesitate	53.1	15
hiding	hide	16-1	7
highlighting	highlight	41.2.2	0
hiking	hike	51.3.2	3
hire	hire	13.5.1 13.5.3	1
hiring	hire	13.5.1 13.5.3	1
hissing	hiss	37.3	1
hit	hit	18.4 18.1-1 17.1-1 47.8-1 40.8.3	7
hitting	hit	18.4 18.1-1 17.1-1 47.8-1 40.8.3	7
hold	hold	15.1 49.2 15.2 100.1 15.3	77
holding	hold	15.1 49.2 15.2 100.1 15.3	77
holiday	holiday	56	79
holidaying	holiday	56	79
hopping	hop	51.3.2-1 47.5.1-1	0
hosting	host	29.8-1	0
housing	house	9.10 54.3	128
humidification	humidify	45.4	0
humiliation	humiliate	31.1	15
hunting	hunt	35.1	12
hurry	hurry	51.3.2-2 53.2	19
hurting	hurt	31.1 40.8.3-2	0
hurting	hurt	31.1, 31.3, 40.8.1	0
hybridization	hybridize	45.4	0
hydration	hydrate	45.4	1
hyperextension	hyperextend	45.2	0
hyperventilating	hyperventilate	47.5.3	1
hyperventilation	hyperventilate	47.5.3	1
hypoventilation	hypoventilate	40.1.2	0
identification	identify	29.2-1-1	7
illumination	illuminate	25.3	1
illustration	illustrate	25.3	4
imagination	imagine	29.2-1-1 29.9-1-1-1	19
imitation	imitate	101	3
immersion	immerse	9.1	0
implantation	implant	9.1	2
implementation	implement	55.5-1	44
imposition	impose	63	4
improvement	improve	45.4	78
incision	incise	25.1	1
incorporation	incorporate	22.2-1	1
increase	increase	45.4	243
incubation	incubate	45.4	1
indication	indicate	78-1	63
induration	indurate	45.4	0
infection	infect	9.8	26
inference	infer	97.2 29.5-1	0
infestation	infest	9.8	1
inflammation	inflame	31.1	6
inflation	inflate	45.4	98
inhalation	inhale	40.1.3-2	0
inheritance	inherit	13.5.2	2
initiation	initiate	55.5-1	2
injection	inject	9.8	19
injury	injure	40.8.3-2	46
innovation	innovate	55.5	28
input	input	37.11	4
inquiry	inquire	37.1.2	38
inscription	inscribe	25.1	14
insertion	insert	9.1-1	1
insistence	insist	37.7	8
inspection	inspect	35.4 30.2	54
inspiration	inspire	27.1-1, 31.1	13
installation	install	9.1-1 29.1	5
installment	install	9.1-1 29.1	5
institution	institute	55.5-1	17
instruction	instruct	37.9	34
insulation	insulate	9.9	1
insult	insult	33.1-1, 31.1	10
integration	integrate	22.2	24
intensification	intensify	45.4	2
intent	intend	61.1 61.2-1-1 62	64
intention	intend	61.1 61.2-1-1 62	64
interception	intercept	98	3
interest	interest	31.1	90
interesting	interest	31.1	90
interpolation	interpolate	108-2	0
interpretation	interpret	29.2	31
interpreting	interpret	29.2	31
interrogation	interrogate	37.1.3	10
intersection	intersect	47.8-1	12
interspersing	intersperse	22.2-2-1 9.8	0
interview	interview	37.1.3	148
intimidation	intimidate	31.1	10
intonation	intone	26.7-1	1
intoxication	intoxicate	31.1	2
introduction	introduce	22.2-3-1 55.5-1	15
intrusion	intrude	48.1.2	7
inundation	inundate	9.8	0
invagination	invaginate	45.4	0
invention	invent	26.4 26.3-1	11
inversion	invert	45.4	1
investigation	investigate	35.4 30.2	31
investment	invest	13.4.2	406
invitation	invite	102	59
involvement	involve	86.2-1 103	48
irritation	irritate	31.1	4
isolation	isolate	16 29.10	21
itching	itch	40.8.1	1
jab	jab	18.1-1	1
jeering	jeer	40.2	1
jogging	jog	51.3.2-2-1	1
joining	join	22.1-2-1	0
joining_up	join_up	22.1-2-1	0
joke	joke	37.6	57
jolt	jolt	31.1	9
journey	journey	51.3.2-1	10
judgement	judge	29.4-1-1-2 29.2 34.2	35
judgment	judge	29.4-1-1-2 29.2 34.2	35
justification	justify	37.1.1	28
kayaking	kayak	51.4.1-1	0
keeping	keep	15.2 55.6	6
keeping_up	keep_up	55.6	0
keratinization	keratinize	45.4	0
kick	kick	17.1-1-1 18.2 18.1-1 11.4-1-1 23.2 40.3.2	5
kicking	kick	17.1-1-1 18.2 18.1-1 11.4-1-1 23.2 40.3.2	5
kidnapping	kidnap	10.5	0
kill	kill	42.1-1 42.3	52
killing	kill	42.1-1 42.3	52
kiss	kiss	36.2 20-1	10
kissing	kiss	36.2 20-1	10
kneading	knead	26.5	0
knifing	knife	18.3 42.2	0
knitting	knit	26.1	0
knock	knock	18.1-1 17.1-1 18.4-1	3
knowledge	know	87.2-1-1-1	2
labeling	label	25.3 9.9	1
landing	land	9.10-1	19
laugh	laugh	40.2	120
laughing	laugh	40.2	120
launch	launch	55.5-1 17.1-1-1	15
lead	lead	95.2.2	75
leadership	lead	95.2.2	75
leading	lead	95.2.2	75
leak	leak	43.4	26
leakage	leak	43.4	26
leaking	leak	43.4	26
leap	leap	51.3.2-1	2
leap	leap	51.3.2-1	2
leaping	leap	51.3.2-1	2
leaping	leap	51.3.2-1	2
learning	learn	14-1 84-1-1	27
leasing	lease	13.1-1	0
leasing	lease	13.5.1	0
lending	lend	13.1	29
levitation	levitate	45.4	0
liberation	liberate	10.5	16
license	license	101	17
licensing	license	101	17
lifting	lift	9.4	10
ligation	ligate	22.3-2-1	0
liking	like	31.2-1 32.1-1-1	0
limit	limit	76	145
limitation	limit	76	145
lining	line	47.8 9.8	5
linkage	link	22.1-2-1 22.4	0
liquidation	liquidate	42.1	0
listening	listen	30.3 35.5	7
living	live	47.1-1 46 39.6	60
loading	load	9.7-2	2
loan	loan	13.1	57
lobbying	lobby	58.1	0
locking	lock	22.4	0
lodging	lodge	46	3
logging	log	13.7	0
look	look	30.3 35.5	145
looking	look	30.3 35.5	145
loosening	loosen	45.4	1
loss	lose	13.2	64
love	love	31.2-1	121
lowering	lower	9.4	0
lubrication	lubricate	9.9	0
lurking	lurk	47.1-1	0
maceration	macerate	45.4	0
magnifying	magnify	45.4	0
maintenance	maintain	55.6 29.5-2	22
make	make	26.1-1	34
make_up	make_up	26.1-1	0
making	make	26.1-1	34
manifestation	manifest	48.1.2	11
manufacturing	manufacture	26.4	4
march	march	51.3.2-2-1	6
marginalisation	marginalize	45.7	0
marginalization	marginalize	45.7	0
mark	mark	25.1	19
marking	mark	25.1	19
marriage	marry	36.2 22.2-3-1-1	75
massacre	massacre	42.1	15
massage	massage	20-1	0
maturation	maturate	45.4	0
maturity	maturate	45.4	0
meeting	meet	36.3-1	181
memorization	memorize	14-2	2
mentation	mentate	29.9 62	0
mention	mention	37.7-1	4
meowing	meow	38	1
merger	merge	22.1-1-1	47
merging	merge	22.1-1-1	47
militarization	militarize	45.7	0
milling	mill	21.2-2	1
mining	mine	10.9 35.1	16
misappropriation	misappropriate	10.5	0
misdirection	misdirect	51.7	1
misinterpretation	misinterpret	87.2	0
misperception	misperceive	30.2 29.2	5
missing	miss	31.2	0
mistrust	mistrust	31.2	8
misunderstanding	misunderstand	87.2	15
mixing	mix	22.1-1-1 26.3-1	1
moaning	moan	37.3 40.2	0
mobilization	mobilize	45.4	5
mobilizing	mobilize	45.4	5
model	model	26.4	71
modeling	model	26.4	71
moderation	moderate	45.4	7
modernization	modernize	45.4	9
modulation	modulate	45.4	0
moisturization	moisturize	41.1.1	0
monitoring	monitor	35.4	34
mopping	mop	10.4.2-1	0
moralizing	moralize	37.11-1	0
mourning	mourn	31.3, 31.2	0
mowing	mow	21.2-2	1
muffling	muffle	42.3	0
murder	murder	42.1	67
murdering	murder	42.1	67
mutation	mutate	26.6.1	7
mutilation	mutilate	44	1
muttering	mutter	37.3	1
myelosuppression	myelosuppress	16 42.3	0
nap	nap	40.4	12
narration	narrate	37.1.1	0
narrowing	narrow	45.4	7
nationalization	nationalize	45.4	7
navigation	navigate	51.4.2	2
need	need	32.1-1-1 103	206
neighboring	neighbor	47.8	0
networking	network	22.1	2
name	name	29.3.2	0
nomination	nominate	29.1	41
nonexisting	nonexistent	47.1-1	0
normalization	normalize	45.4	9
note	note	30.2	15
notice	notice	26.7 25.2 37.11 37.7 37.1.1	45
notification	notify	37.9 37.2	25
notifying	notify	37.9 37.2	25
nursing	nurse	29.8-1	6
oath	oath	13.3 37.13	12
objection	object	37.8	37
obliteration	obliterate	44	0
observation	observe	30.2 35.4	19
obsession	obsess	31.1, 31.3	15
occlusion	occlude	45.4	0
occupation	occupy	31.1	42
offense	offend	31.1	15
offer	offer	13.3	129
offering	offer	13.3	129
omission	omit	10.1	4
oozing	ooze	43.4	0
opacification	opacify	45.4	0
opening	open	45.4 40.3.2 47.6	43
opening_up	open_up	45.4	0
operating	operate	45.4	526
operation	operate	45.4	526
opposition	oppose	22.2-3	115
order	order	13.5.1	122
ordering	order	13.5.1	122
ordinance	ordain	29.1	14
organization	organize	26.4 55.5-1	8
organizing	organize	26.4 55.5-1	8
ossification	ossify	45.4	1
ousting	oust	10.1	1
outfitting	outfit	13.4.2-1 41.3.3	0
outrage	outrage	31.1	0
overestimation	overestimate	54.4	0
overlap	overlap	22.2-1	2
overlapping	overlap	22.2-1	2
overpayment	overpay	68	7
packaging	package	22.3-2-1	16
packing	pack	9.7-1-1	2
painting	paint	24	5
pairing	pair	22.2-2 22.3-2 22.1-2-1	4
palpitation	palpitate	40.8.2	0
pant	pant	40.1.1	0
parade	parade	51.3.2	8
paralysis	paralyze	45.4	0
parching	parch	45.3	0
partition	partition	23.3	2
passing_on	pass_on	11.1	0
patent	patent	101	9
patrol	patrol	35.2	25
pawn	pawn	13.1-1	0
payment	pay	68-1	106
perception	perceive	30.2	25
percolation	percolate	45.3 43.4	0
perfection	perfect	45.4	16
perforation	perforate	21.2-1	0
permission	permit	64.3-1, 64.1-1	46
persistence	persist	47.1-1	0
perturbation	perturb	31.1	0
phoning	phone	13.5.1, 37.4.2-1, 37.4.1	1
photo	photograph	25.4	185
picketing	picket	35.4	1
picking	pick	13.5.1	7
piercing	pierce	19	0
pioneering	pioneer	29.8-1	0
pity	pity	31.2	13
placement	place	9.1-2	9
plan	plan	62	205
planning	plan	62	205
planting	plant	9.7-2 9.1-1 55.5-1	0
plaquing	plaque	13.5.2 47.5.2	0
plot	plot	25.2	18
plugging	plug_up	9.8	0
plunge	plunge	47.7	2
poisoning	poison	42.2	14
poking	poke	19 35.5	0
polarization	polarize	45.4	4
policing	police	29.8-1	0
polish	polish	9.9 10.4.1	4
pollution	pollute	9.8-1	46
pooling	pool	22.1-2-1	0
popping	pop	43.2	0
popping	pop	45.4	0
portrayal	portray	29.2-1-1	3
posing	pose	29.6-2	1
positioning	position	9.1	3
post	post	11.1	87
posting	post	11.1	87
pounding	pound	18.1-1	0
pounding	pound	26.1	0
pouring	pour	9.5 43.4	0
praise	praise	29.2, 33.1-1-1	27
preaching	preach	37.11-1 37.1.1	0
precedence	precede	47.8	4
preconception	preconceive	29.2-1 97.2	3
prediction	predict	78	30
preference	prefer	32.1-1-1 31.2	5
pregnancy	impregnate	9.8	0
preoccupation	preoccupy	31.1	5
preparation	prepare	55.5-1	21
presentation	present	13.4.1 48.1.2	48
presenting	present	13.4.1 48.1.2	48
preservation	preserve	85	8
pressing	press	12-1-1	0
presumption	presume	29.5-1	0
price	price	54.4	1419
pricing	price	54.4	1419
printing	print	25.2	7
procurement	procure	13.5.1	6
producing	produce	26.4	117
production	produce	26.4	117
profession	profess	29.4-1-1-3	1
progress	progress	45.5	130
progression	progress	45.5	130
projection	project	34.2	2
proliferation	proliferate	45.4	16
promise	promise	13.3	91
promotion	promote	102	21
proof	prove	29.4-1-1 97.2 78-1-1	45
prophesy	prophesy	29.5-1	0
proposal	propose	48.1.2 37.7-1 62	43
proposition	propose	48.1.2 37.7-1 62	43
prospering	prosper	47.1-1 39.6	0
prostitution	prostitute	29.8	0
protection	protect	85	73
protrusion	protrude	47.6	0
provision	provide	13.4.1-2	94
provocation	provoke	31.1, 27.1-1	20
publication	publish	26.4-1	59
publishing	publish	26.4-1	59
puckering	pucker	40.3.2 40.8.2	0
pull	pull	11.4 23.2 12-1 13.5.1 40.8.3-1-1	1
pulling	pull	11.4 23.2 12-1 13.5.1 40.8.3-1-1	1
pulling_out	pull_out	82-1	0
pulsation	pulsate	47.3	0
pulse	pulse	47.3	10
pumping	pump	9.7-1	6
punch	punch	18.2 21.2-2	0
punching	punch	18.2 21.2-2	0
punctuation	punctuate	9.9	1
purchase	purchase	13.5.2-1	120
pursuit	pursue	51.6	32
push	push	23.2 11.4-1-1 12-1-1 9.3-1-1	5
quadrupling	quadruple	45.4	0
qualification	qualify	29.6	39
quarreling	quarrel	36.4	2
question	question	37.1.3	243
questioning	question	37.1.3	243
quotation	quote	37.1.1	63
quote	quote	37.1.1	63
radiation	radiate	43.4	37
rage	rage	47.2	20
raid	raid	35.4	15
raise	raise	9.4 40.3.2	19
raising	raise	9.4 40.3.2	19
ranking	rank	29.6 29.2	1
ranting	rant	37.3 37.11-1	2
rating	rate	54.4 29.1 29.6	56
ration	ration	13.3	2
rationing	ration	13.3	2
re-education	reeducate	37.1.1	0
re-election	reelect	29.1	18
readiness	ready	26.3-1	15
reading	read	14-1 37.1.1-1 54.1-1 84-1-1	26
reaffirmation	reaffirm	31.2 29.5-2 78-1-1	1
reapproximation	approximate	34.2 54.4	1
reasoning	reason	97.2	20
rebellion	rebel	71	13
rebuilding	rebuild	26.4	0
recall	recall	10.2	7
reception	receive	13.5.2	10
recertification	recertify	29.2	0
recirculation	recirculate	47.3	0
recital	recite	37.1.1	8
reckoning	reckon	29.9-1 70	0
recollection	recollect	29.2-1-1	3
recommendation	recommend	37.7-1-1-1	20
reconstitution	reconstitute	26.4-1	0
recording	record	25.4	6
recruiting	recruit	13.5.3 29.7	22
recruitment	recruit	13.5.3 29.7	22
redemption	redeem	10.5	15
reduction	reduce	76 42.3	41
reeducation	reeducate	37.1.1	0
reelection	reelect	29.1	18
refund	refund	13.1	14
regard	regard	29.2 30.2	113
registration	register	101	12
regret	regret	31.2-1	20
rehydration	hydrate	45.4	1
reinjection	inject	9.8	19
reiteration	reiterate	37.7-1	1
rejuvenation	rejuvenate	31.1	0
relaxation	relax	31.1	14
reliance	rely	70	0
remaining	remain	47.1-1	0
remark	remark	37.7-1 37.11-1	31
remarriage	remarry	22.2-3-1-1	0
remembering	remember	29.2-1-1 29.9-1-1-1	2
remembrance	remember	29.2-1-1 29.9-1-1-1	2
removal	remove	10.1 10.2 10.10	18
renomination	nominate	29.1	41
rental	rent	13.5.1	19
renting	rent	13.5.1	19
reopening	reopen	45.4	2
reorganization	reorganize	26.4-1	30
repayment	pay	68-1	106
repeat	repeat	26.8 37.7-1 55.4	11
repetition	repeat	26.8 37.7-1 55.4	11
replacement	replace	13.6.2-1
reply	reply	37.7	27
report	report	29.2-1-2 37.7-1 29.9-1	254
reporting	report	29.2-1-2 37.7-1 29.9-1	254
representation	representation	29.2-1-1	0
reproduction	reproduce	45.4	3
request	request	58.2	86
requirement	require	103	155
rescue	rescue	10.5	43
reservation	reserve	13.5.1	18
residence	reside	46 47.1-1	16
resonance	resonate	47.4	4
resort	resort	26.6.2	10
respect	respect	31.2	70
responding	respond	37.7	163
response	respond	37.7	163
rest	rest	47.6	21
resting	rest	47.6	21
restitution	restore	13.2	11
restoration	restore	13.2	11
restraint	restrain	76	2
restriction	restrict	76	96
resumption	resume	55.1-1	14
retaliation	retaliate	71	19
retirement	retire	82-3 10.11	41
retracting	retract	10.1	0
retraction	retract	10.1	0
retrieval	retrieve	13.5.2	1
revelation	reveal	78-1-1 37.10 48.1.2 29.2-1-2 37.7-1	13
reversal	reverse	45.4	23
reverse	reverse	45.4	23
reversion	revert	26.6.2	5
revitalization	revitalize	31.1	0
revival	revive	45.4	0
ride	ride	51.4.2	51
riding	ride	51.4.2	51
ring	ring	43.2	3
ringing	ring	43.2	3
ripening	ripen	45.4	0
ripple	ripple	47.2 9.8	1
rise	rise	47.6 50 51.1	92
risk	risk	94-1	77
roll	roll	51.3.1 9.6 51.3.2-2 40.3.2 22.3-2 11.2-1 26.3-1 23.2 43.2 26.1 45.2 47.4	12
rolling	roll	51.3.1 9.6 51.3.2-2 40.3.2 22.3-2 11.2-1 26.3-1 23.2 43.2 26.1 45.2 47.4	12
rotation	rotate	47.3 9.6 51.3.1	9
rowing	row	51.4.2 11.5	0
rubbing	rub	40.3.2 9.7-1 20-1 10.4.1-1	0
ruin	ruin	44	1
run_up	run_up	47.7	0
rush	rush	51.3.2-2-1	21
sacking	sack	10.10	0
sacrifice	sacrifice	13.2-1-1	9
sailing	sail	51.4.2	1
sale	sell	13.1-1	289
salivation	salivate	40.1.1	0
salutation	salute	40.3.3	0
salvage	salvage	10.5-1	2
satiation	satiate	31.1	0
satisfaction	satisfy	31.1	19
saturation	saturate	9.8	0
saving	save	13.5.1-1	0
saving	save	13.5.1-1 54.5	0
scalloping	scallop	45.3	0
scanning	scan	35.4 30.2	2
scare	scare	31.1	2
scaring	scare	31.1	2
scarring	scar	25.1	0
scattering	scatter	9.7-1	0
scheduling	schedule	26.4-1	1
schmoozing	schmooze	37.6	0
scooping	scoop	9.3	1
scratching	scratch	18.2 40.8.3-2 21.1-1 10.4.1-1	1
scream	scream	37.3	4
scruple	scruple	53.1-1	0
sculpting	sculpt	26.1-1	1
search	search	35.2	58
searching	search	35.2	58
seasoning	season	9.8	0
seclusion	seclude	16	1
seeding	seed	9.9 9.7-1	0
seeking	seek	35.1	12
segregation	segregate	23.1-1 23.3	5
selection	select	13.5.2 29.2	64
selling	sell	13.1-1	289
sensation	sense	30.1-1	78
sense	sense	30.1-1	78
sensing	sense	30.1-1	78
separation	separate	23.1-2 10.1 29.10	21
sequestering	sequester	16 10.5	1
service	serve	29.6-2 104	300
serving	serve	29.6-2 104	300
serving_up	serve_up	13.4.1-1	0
setting	set	9.1-2 41.2.2 25.1	10
shading	shade	85	0
shadowing	shadow	51.6	0
shaking	shake	31.1 47.3 40.6 40.3.2 9.3-1-1 26.5	1
shame	shame	31.1	45
shaming	shame	31.1	45
shape	shape	26.1-1 48.1.2	16
shaving	shave	41.2.1 41.1.1 10.4.1	1
shearing	shear	10.4.2-1	0
shedding	shed	43.4	1
shift	shift	11.1 26.6.2	31
shifting	shift	11.1 26.6.2	31
shipbuilding	shipbuilding	26.1-1	2
shipping	ship	11.1-1	29
shock	shock	31.1	23
shoot	shoot	42.2	29
shooting	shoot	42.2	29
shopping	shop	35.2	25
shortening	shorten	45.4	0
shower	shower	41.1.1 17.2 9.7-1 57	22
showing_off	show_off	48.1.2	0
shunting	shunt	11.1	0
sight	see	29.2-1 30.1-1 29.9-1-1	22
signing_up	sign_up	13.5.3	0
simulation	simulate	55.5-1	12
singing	sing	37.3 43.2	6
sink	sink	45.4	4
sinking	sink	45.4	4
sitting	sit	47.6 50	3
skateboarding	skateboard	51.4.1-1	0
skiing	ski	51.4.1-1	11
skimming	skim	10.4.1	0
skirmish	skirmish	36.4-1	0
slash	slash	21.1-1	4
slaughter	slaughter	42.1 13.5.1	4
slaying	slay	42.1	0
sleeping	sleep	40.4	10
slide	slide	51.3.2-2 11.2-1 51.3.1	6
slowing	slow	45.4	4
smack	smack	40.3.2	0
smashing	smash	18.1-1 45.1 21.2-1 17.1-1	0
smashing	smash	18.4-1	0
smell	smell	30.1 35.3	23
smuggling	smuggle	11.1-1 10.5-1	0
snacking	snack	39.5	0
sneezing	sneeze	40.2 40.1.1	0
snoring	snore	40.1.1 40.2	1
soaking	soak	9.8 10.4.1 45.4	1
sobbing	sob	40.2	1
softening	soften	45.4	0
soiling	soil	9.8	0
solution	solve	84	33
solving	solve	84	33
sound	sound	43.2 47.4	50
sowing	sow	9.7-1	0
span	span	47.8	9
speaking	speak	37.5 37.11-1	139
specification	specify	29.2	20
speculating	speculate	29.5-1	89
speculation	speculate	29.5-1	89
speech	speak	37.5 37.11-1	139
speeding	speed	51.3.2-2	4
spelling	spell	25.2	8
spending	spend	68	129
spitting	spit	40.1.2	0
splaying	splay	45.2	0
split	split	23.2	12
splitting	split	23.2	12
spotting	spot	30.2	0
spotting	spot	9.8	0
spraying	spray	9.7-1	1
spying	spy	30.2	3
squeeze	squeeze	20-1 12-1-1 26.5	5
squeezing	squeeze	20-1 12-1-1 26.5	5
squinting	squint	30.3	0
stab	stab	42.2 19 18.2	4
stabbing	stab	42.2 19 18.2	4
stabilization	stabilize	45.4	13
stagflation	inflate	45.4	98
staging	stage	55.5 26.4	2
stagnation	stagnate	45.5	7
staining	stain	24 9.9 9.8-1	0
stalking	stalk	35.3	2
stall	stall	53.1-1	1
staring	stare	30.3	0
start	start	55.1-1	69
starting	start	55.1-1	69
starvation	starve	40.7	10
statement	state	37.7-1	209
stay	stay	46 47.1-1	23
steering	steer	51.7	2
step	step	51.3.2	70
sterilization	sterilize	45.4	3
stiffening	stiffen	45.4	0
stimulation	stimulate	31.1	5
stocking	stock	9.7-2 15.2	2
stop	stop	55.4-1	18
stoppage	stop	55.4-1	18
storage	store	15.2	45
straining	strain	40.8.3-2	0
stratification	stratify	45.4	1
stream	stream	43.4-1	20
strengthening	strengthen	45.4	14
stressing	stress	9.9	0
stretching	stretch	47.7 45.2 40.3.2	0
stride	stride	51.3.2-1	8
stripping	strip	41.1.1 10.4.1-1	0
stroke	stroke	20 25.2	8
stroll	stroll	51.3.2-1	1
struggle	struggle	36.4-1	18
struggling	struggle	36.4-1	18
study	study	14-1 30.2 34.1 84-1-1	162
studying	study	14-1 30.2 34.1 84-1-1	162
stuttering	stutter	37.3	0
success	succeed	74-1	108
suction	suction	10.4.1-1	0
suffering	suffer	31.3	7
suggestion	suggest	37.7-1-1	58
supersaturation	supersaturate	45.4	0
supply	supply	13.4.1-1	43
support	support	31.2 47.8	283
supposition	suppose	29.9-2	1
suppression	suppress	42.3 16	11
surprise	surprise	31.1	33
surrender	surrender	13.2-1-1	4
surrounding	surround	9.8	0
surveilance	surveil	30.2 35.4	0
survey	survey	35.4 30.2	76
survival	survive	39.6	41
suspension	suspension	10.10	0
suspicion	suspect	29.9-2 81 29.5-1	17
suturing	suture	22.4	0
swallowing	swallow	39.3-2 40.1.1	0
swat	swat	18.2	1
sweating	sweat	40.1.2 43.4	2
swelling	swell	45.5	2
swim	swim	51.3.2 47.5.1	13
swimming	swim	51.3.2 47.5.1	13
switch	switch	26.6.2-1	8
switching	switch	26.6.2-1	8
tackle	tackle	98	1
tag	tag	9.9 25.3	3
takeover	take_over	93	0
taking_on	take_on	93	0
taking_on	take_on	98	0
taking_over	take_over	93	0
talk	talk	37.5 37.11-1	300
talking	talk	37.5 37.11-1	300
tanning	tan	45.4	1
tapering_off	taper_off	45.4	0
tapping	tap	18.1-1 17.1-1	1
tariff	tax	54.5	34
taste	taste	30.1 35.3	24
tasting	taste	30.1 35.3	24
tattooing	tattoo	25.1	0
taxation	tax	54.5	34
teaching	teach	37.1.1-1-1	9
tearing	tear	23.2 45.1 40.8.3-1-1	0
tearing	tear	51.3.2	0
teasing	tease	31.1	2
teething	teethe	39.2-1	0
telling	tell	37.1.1-1-1	2
temptation	tempt	31.1	23
tension	tense	45.4	9
termination	terminate	10.10	2
termination	terminate	55.4	2
terror	terrorism	31.1	0
terrorising	terrorize	31.1	64
terrorizing	terrorize	31.1	64
test	test	35.4	328
testimony	testify	37.11-1	63
testing	test	35.4	328
thawing	thaw	45.4	0
theft	thieve	10.5	0
thickening	thicken	45.4	3
thieving	thieve	10.5	0
thinking	think	29.9-2 62	135
thinning	thin	45.4	0
thought	think	29.9-2 62	135
threat	threaten	31.1	0
thrill	thrill	31.1	1
throw	throw	17.1-1-1	10
throwing	throw	17.1-1-1	10
thrust	thrust	12-1-1 11.4-1-1	3
thumping	thump	18.4-1 18.1 18.3	0
thumping	thump	43.2	0
tickling	tickle	20-1 31.1 40.8.2	0
tightening	tighten	45.4	3
tiling	tile	9.8 9.9	0
tingling	tingle	40.8.2	0
tiptoeing	tiptoe	51.3.2	0
tolerance	tolerate	31.2	25
torture	torture	31.1	35
toss	toss	17.1-1-1 26.3-1 40.3.2	4
tossing	toss	17.1-1-1 26.3-1 40.3.2	4
touch	touch	20-1 86.2-1 47.8-1 31.1	35
touching	touch	20-1 86.2-1 47.8-1 31.1	35
touching_on	touch_on	86.2-1	0
tow	tow	11.4	2
towing	tow	11.4	2
tracing	trace	25.2	0
track	track	35.3 51.6	18
tracking	track	35.3 51.6	18
training	train	13.5.3	85
transcription	transcribe	25.4	1
transfer	transfer	11.1 13.2-2	45
transformation	transform	26.6.1	26
translation	translate	26.6.1	20
transmission	transmit	11.1-1	12
transmutation	transmute	26.6.1	1
transport	transport	11.1	123
transportation	transport	11.1	123
trapping	trap	9.10	0
travel	travel	51.3.2-1	56
traveling	travel	51.3.2-1	56
travelling	travel	51.3.2-1	56
tunneling	tunnel	35.5-1	0
turn	turn	51.3.1 40.3.2 40.8.3-1-1 47.7	24
turnabout	turnabout	40.3.2 40.8.3 51.3.1 47.7	1
turning	turn	51.3.1 40.3.2 40.8.3-1-1 47.7	24
tutoring	tutor	29.8-1	1
twist	twist	9.6-1 26.5	16
twitching	twitch	40.3.2	0
typing	type	25.4 25.2	2
typing_up	type_up	25.2 25.4	0
ulceration	ulcerate	45.4	0
ultrafiltration	ultrafilter	45.4	0
underestimation	underestimate	29.2-1	0
understanding	understand	77.1 87.2-1	47
undertaking	undertake	98 55.1	2
undoing	undo	44	1
unification	unify	22.2	74
union	union	45.4	0
unloading	unload	10.4.1	1
upgrade	upgrade	29.1	11
urbanization	urbanize	45.4	0
urging	urge	58.1	1
urination	urinate	40.1.2-1 40.1.3-1	1
use	use	66, 105.1, 39.1-3	259
using	use	66, 105.1, 39.1-3	259
vacation	vacation	56	72
vacuuming	vacuum	10.4.2-1	0
valuation	value	54.4	5
variation	vary	23.4 45.4	25
vault	vault	51.3.2-1	0
ventilation	ventilate	45.4	7
verification	verify	101 37.1.1 78-1-1	6
vexation	vex	31.1	0
vibration	vibrate	47.3 45.4	6
view	view	29.2-1 29.9-1	364
visit	visit	36.3-1	48
visit	visit	36.3-1	48
visiting	visit	36.3-1	48
visualization	visualize	29.2-1-1	4
vocalization	vocalize	37.7	0
voice	voice	37.7	208
volunteering	volunteer	29.8 37.7	1
vomiting	vomit	40.1.2	4
voyage	voyage	51.4.2	0
waiting	wait	47.1-1	9
walk	walk	51.3.2	25
walking	walk	51.3.2	25
war	war	36.4-1	550
warfare	war	36.4-1	550
warming	warm	45.4	68
warning	warn	37.9-1	40
washing	wash	10.4.1-1 26.3-2 41.2.1 41.1.1	6
waste	waste	66-1 44 68	38
wasting	waste	66-1 44 68	38
watch	watch	35.2 30.2	13
watching	watch	35.2 30.2	13
watering	water	9.9	1
waxing	wax	9.9 41.2.2	1
weakening	weaken	45.4	4
wedding	wed	22.2-3-1-1	71
weeping	weep	40.2 40.1.2	5
westernization	westernize	45.4	2
wetting	wet	45.4	0
whack	whack	18.1	1
wheezing	wheeze	43.2 40.1.1	0
whining	whine	37.8 38 37.3 43.2	1
whooshing	whoosh	43.2	1
widening	widen	45.4	5
win	win	13.5.1	23
winning	win	13.5.1	23
wish	wish	62 32.2-1	29
withdrawal	withdraw	10.1 82-3 10.11 51.1	26
wreck	wreck	44	8
wrestling	wrestle	36.4-1	5
wringing	wring	40.3.2 20-1	1
write	write	37.1.1-1-1 37.11-1 25.2 37.7	42
writing	write	37.1.1-1-1 37.11-1 25.2 37.7	42
yapping	yap	38 37.3	1
yawning	yawn	40.1.1 40.2	0
yelling	yell	38 37.3	1
yellowing	yellow	45.4	0
